{
    "class_names": [
        "Potato___Early_blight",
        "Potato___Late_blight",
        "Potato___healthy"
    ],
    "img_size": 224,
    "metrics": {
        "accuracy": 0.9983388781547546,
        "precision": 0.9983388781547546,
        "recall": 0.9983388781547546,
        "f1_score": 0.9983388281547572
    }
}